{
  "project_info": {
    "project_number": "621256546505",
    "firebase_url": "https://mentalwellbeing-ba6b0.firebaseio.com",
    "project_id": "mentalwellbeing-ba6b0",
    "storage_bucket": "mentalwellbeing-ba6b0.appspot.com"
  },
  "client": [
    {
      "client_info": {
        "mobilesdk_app_id": "1:621256546505:android:55bfd40dc931dd1c",
        "android_client_info": {
          "package_name": "com.example.ashitagoyal.mentalwellbeing"
        }
      },
      "oauth_client": [
        {
          "client_id": "621256546505-jdlhip4rjejnhku1evvgt4e0hqljotpq.apps.googleusercontent.com",
          "client_type": 1,
          "android_info": {
            "package_name": "com.example.ashitagoyal.mentalwellbeing",
            "certificate_hash": "9f2295cf88ac5b76d81f9e83175f572ad79b9a26"
          }
        },
        {
          "client_id": "621256546505-eqthmtm0smd8f7fg8jdudnem0jibbj1g.apps.googleusercontent.com",
          "client_type": 3
        }
      ],
      "api_key": [
        {
          "current_key": "AIzaSyACHF7gzWSfktCrvByQQttTAGDJNXdglC0"
        }
      ],
      "services": {
        "analytics_service": {
          "status": 1
        },
        "appinvite_service": {
          "status": 2,
          "other_platform_oauth_client": [
            {
              "client_id": "621256546505-eqthmtm0smd8f7fg8jdudnem0jibbj1g.apps.googleusercontent.com",
              "client_type": 3
            }
          ]
        },
        "ads_service": {
          "status": 2
        }
      }
    }
  ],
  "configuration_version": "1"
}